业务线,序号,任务ID,任务名称,创建人,任务状态,创建时间,预计完成时间,实际完成时间,任务延期时长/天,任务总时长/天,预算单ID,预算单名称,WBS编号,利润中心,利润中心编号,一级部门,二级部门,三级部门,数据量（张）,数据存储,数据集群,费用（元）,账单确认,是否有数据包被打回,任务流程
DX,DX-BZ-2023-0105,17829,合并任务17134和17147，标注乒乓球检测和乒乓球logo完整性标注,冯律,验收中,2023/6/28,2023/6/29,,,,2070,SenseOmni智慧体育产品预研SCG09,R-SC220924.001,创新业务部,SCG09,智慧城市与商业事业群,创新业务部,智慧体育创新中心,,lustre,SH-40,714.36,待确认,FALSE,创建(2023-06-28) -> 文件上传(2023-06-28) -> 文件上传成功(2023-06-28) -> 运营调整任务完成时间(2023-06-28) -> 审核通过(2023-06-28) -> 标注完成(2023-06-28) -> 运营调整任务完成时间(2023-06-29) 
DX,DX-BZ-2023-0075,17061,商品检测框标注,江心雨,任务终止,2023/4/6,2023/4/30,,,,2017,智能冰箱+SKU预研动态冰箱SCG00,R-SC220886.001,SCG公共,SCG00,智慧城市与商业事业群,创新业务部,智慧体育创新中心,78,lustre,SH-40,13.75,已确认,FALSE,创建(2023-04-06) -> 文件上传(2023-04-06) -> 文件上传成功(2023-04-06) -> 运营调整任务完成时间(2023-04-06) -> 审核通过(2023-04-06) -> 任务标注中被运营撤回到审核中(2023-04-06) -> 运营调整任务完成时间(2023-04-06) -> 审核通过(2023-04-06) -> 终止任务(2023-04-06) 
DX,DX-BZ-2023-0003,16022,有预标注的wtt场地的人体检测和29关键点标注(修正标注),冯律,任务终止,2023/1/5,2023/1/8,,,,2070,SenseOmni智慧体育产品预研SCG09,R-SC220924.001,创新业务部,SCG09,智慧城市与商业事业群,创新业务部,智慧体育创新中心,500,lustre,SH-40,82.6,已确认,FALSE,创建(2023-01-05) -> 文件上传(2023-01-05) -> 文件上传失败(2023-01-05) -> 文件上传(2023-01-05) -> 重新提交任务(2023-01-05) -> 预标注数据上传失败(2023-01-05) -> 文件上传(2023-01-05) -> 重新提交任务(2023-01-05) -> 预标注数据上传失败(2023-01-05) -> 文件上传(2023-01-06) -> 重新提交任务(2023-01-06) -> 文件上传成功(2023-01-06) -> 预标注数据上传成功(2023-01-06) -> 运营调整任务完成时间(2023-01-06) -> 审核通过(2023-01-06) -> 终止任务(2023-01-17) 
DX,DX-BZ-2023-0104,17781,篮球检测标注,冯律,任务完成,2023/6/21,2023/6/21,2023/6/23,2,2,2070,SenseOmni智慧体育产品预研SCG09,R-SC220924.001,创新业务部,SCG09,智慧城市与商业事业群,创新业务部,智慧体育创新中心,3032,lustre,SH-40,148.49,已确认,FALSE,创建(2023-06-21) -> 文件上传(2023-06-21) -> 文件上传成功(2023-06-21) -> 运营调整任务完成时间(2023-06-21) -> 审核通过(2023-06-21) -> 标注完成(2023-06-21) -> 标注验收通过(2023-06-23) 
DX,DX-BZ-2023-0103,17760,篮球检测标注,冯律,任务完成,2023/6/19,2023/6/20,2023/6/23,3,4,2070,SenseOmni智慧体育产品预研SCG09,R-SC220924.001,创新业务部,SCG09,智慧城市与商业事业群,创新业务部,智慧体育创新中心,500,lustre,SH-40,341.68,已确认,FALSE,创建(2023-06-19) -> 文件上传(2023-06-19) -> 文件上传成功(2023-06-19) -> 运营调整任务完成时间(2023-06-20) -> 审核通过(2023-06-20) -> 标注完成(2023-06-20) -> 标注验收通过(2023-06-23) 
DX,DX-BZ-2023-0102,17739,复制任务17488 2d进球识别优化,冯律,任务完成,2023/6/16,2023/6/16,2023/6/19,3,3,2070,SenseOmni智慧体育产品预研SCG09,R-SC220924.001,创新业务部,SCG09,智慧城市与商业事业群,创新业务部,智慧体育创新中心,2875,lustre,SH-40,64.4,已确认,FALSE,创建(2023-06-16) -> 文件上传(2023-06-16) -> 文件上传成功(2023-06-16) -> 运营调整任务完成时间(2023-06-16) -> 审核通过(2023-06-16) -> 标注完成(2023-06-16) -> 标注验收通过(2023-06-19) 
DX,DX-BZ-2023-0100,17718,进球识别标注,冯律,任务完成,2023/6/15,2023/6/16,2023/6/23,7,8,2070,SenseOmni智慧体育产品预研SCG09,R-SC220924.001,创新业务部,SCG09,智慧城市与商业事业群,创新业务部,智慧体育创新中心,278,lustre,SH-40,28.36,已确认,FALSE,创建(2023-06-15) -> 文件上传(2023-06-15) -> 文件上传成功(2023-06-15) -> 审核不通过(2023-06-16) -> 文件上传(2023-06-16) -> 重新提交任务(2023-06-16) -> 文件上传成功(2023-06-16) -> 运营调整任务完成时间(2023-06-16) -> 审核通过(2023-06-16) -> 标注完成(2023-06-16) -> 标注验收通过(2023-06-23) 
DX,DX-BZ-2023-0101,17722,复制任务17488 2d进球识别优化,冯律,任务完成,2023/6/15,2023/6/15,2023/6/19,4,4,2070,SenseOmni智慧体育产品预研SCG09,R-SC220924.001,创新业务部,SCG09,智慧城市与商业事业群,创新业务部,智慧体育创新中心,5046,lustre,SH-40,112.69,已确认,FALSE,创建(2023-06-15) -> 文件上传(2023-06-15) -> 文件上传成功(2023-06-15) -> 运营调整任务完成时间(2023-06-15) -> 审核通过(2023-06-15) -> 标注完成(2023-06-16) -> 标注验收通过(2023-06-19) 
DX,DX-BZ-2023-0099,17649,篮球视频视频开始时刻_进球信息标注,冯律,任务完成,2023/6/13,2023/6/14,2023/6/19,5,6,2070,SenseOmni智慧体育产品预研SCG09,R-SC220924.001,创新业务部,SCG09,智慧城市与商业事业群,创新业务部,智慧体育创新中心,7,lustre,SH-40,908,已确认,TRUE,创建(2023-06-13) -> 文件上传(2023-06-13) -> 文件上传失败(2023-06-13) -> 文件上传(2023-06-13) -> 重新提交任务(2023-06-13) -> 文件上传失败(2023-06-13) -> 文件上传(2023-06-13) -> 重新提交任务(2023-06-13) -> 文件上传失败(2023-06-13) -> 文件上传(2023-06-13) -> 重新提交任务(2023-06-13) -> 文件上传成功(2023-06-13) -> 撤回任务(2023-06-13) -> 文件上传(2023-06-13) -> 重新提交任务(2023-06-13) -> 文件上传成功(2023-06-13) -> 撤回任务(2023-06-13) -> 文件上传(2023-06-13) -> 重新提交任务(2023-06-13) -> 文件上传失败(2023-06-13) -> 文件上传(2023-06-13) -> 重新提交任务(2023-06-13) -> 文件上传失败(2023-06-13) -> 文件上传(2023-06-13) -> 重新提交任务(2023-06-13) -> 文件上传成功(2023-06-13) -> 运营调整任务完成时间(2023-06-14) -> 审核通过(2023-06-14) -> 标注完成(2023-06-14) -> 验收中有数据包被打回(2023-06-15) -> 标注完成(2023-06-15) -> 标注验收通过(2023-06-19) 
DX,DX-BZ-2023-0098,17632,20230527to0605回流数据检测标注,储祥翠,任务完成,2023/6/12,2023/6/15,2023/6/20,5,8,2017,智能冰箱+SKU预研动态冰箱SCG00,R-SC220886.001,SCG公共,SCG00,智慧城市与商业事业群,创新业务部,智慧体育创新中心,6917,lustre,SH-40,2240.93,已确认,FALSE,创建(2023-06-12) -> 文件上传(2023-06-12) -> 文件上传成功(2023-06-12) -> 运营调整任务完成时间(2023-06-12) -> 审核通过(2023-06-12) -> 任务标注中被运营撤回到审核中(2023-06-12) -> 运营调整任务完成时间(2023-06-12) -> 审核通过(2023-06-12) -> 标注完成(2023-06-16) -> 标注验收通过(2023-06-20) 
DX,DX-BZ-2023-0096,17598,复制任务16590 人体人脸检测，关键点标注,冯律,任务完成,2023/6/8,2023/6/9,2023/6/19,10,11,2070,SenseOmni智慧体育产品预研SCG09,R-SC220924.001,创新业务部,SCG09,智慧城市与商业事业群,创新业务部,智慧体育创新中心,3032,lustre,SH-40,16659.14,已确认,FALSE,创建(2023-06-08) -> 文件上传(2023-06-08) -> 文件上传成功(2023-06-08) -> 撤回任务(2023-06-08) -> 重新提交任务(2023-06-08) -> 运营调整任务完成时间(2023-06-08) -> 审核通过(2023-06-08) -> 标注完成(2023-06-11) -> 标注验收通过(2023-06-19) 
DX,DX-BZ-2023-0097,17599,动态20230605静改动端到端采集数据检测标注,储祥翠,任务完成,2023/6/8,2023/6/12,2023/6/12,0,4,2017,智能冰箱+SKU预研动态冰箱SCG00,R-SC220886.001,SCG公共,SCG00,智慧城市与商业事业群,创新业务部,智慧体育创新中心,5905,lustre,SH-40,658.42,已确认,FALSE,创建(2023-06-08) -> 文件上传(2023-06-08) -> 文件上传成功(2023-06-08) -> 运营调整任务完成时间(2023-06-08) -> 审核通过(2023-06-08) -> 任务标注中被运营撤回到审核中(2023-06-09) -> 运营调整任务完成时间(2023-06-09) -> 审核通过(2023-06-09) -> 标注完成(2023-06-09) -> 标注验收通过(2023-06-12) 
DX,DX-BZ-2023-0095,17584,20230607乒乓球检测标注,冯律,任务完成,2023/6/7,2023/6/8,2023/6/19,11,12,2070,SenseOmni智慧体育产品预研SCG09,R-SC220924.001,创新业务部,SCG09,智慧城市与商业事业群,创新业务部,智慧体育创新中心,12600,lustre,SH-40,796.99,已确认,FALSE,创建(2023-06-07) -> 文件上传(2023-06-07) -> 文件上传成功(2023-06-07) -> 运营调整任务完成时间(2023-06-07) -> 审核通过(2023-06-07) -> 标注完成(2023-06-08) -> 标注验收通过(2023-06-19) 
DX,DX-BZ-2023-0093,17577,商品检测框标注,江心雨,任务完成,2023/6/6,2023/6/8,2023/6/12,4,6,2017,智能冰箱+SKU预研动态冰箱SCG00,R-SC220886.001,SCG公共,SCG00,智慧城市与商业事业群,创新业务部,智慧体育创新中心,217,lustre,SH-40,340.82,已确认,TRUE,创建(2023-06-06) -> 文件上传(2023-06-06) -> 文件上传成功(2023-06-06) -> 运营调整任务完成时间(2023-06-07) -> 审核通过(2023-06-07) -> 标注完成(2023-06-08) -> 验收中有数据包被打回(2023-06-12) -> 标注完成(2023-06-12) -> 标注验收通过(2023-06-12) 
DX,DX-BZ-2023-0094,17576,商品检测框标注,江心雨,任务完成,2023/6/6,2023/6/8,2023/6/11,3,5,2017,智能冰箱+SKU预研动态冰箱SCG00,R-SC220886.001,SCG公共,SCG00,智慧城市与商业事业群,创新业务部,智慧体育创新中心,44,lustre,SH-40,70.07,已确认,FALSE,创建(2023-06-06) -> 文件上传(2023-06-06) -> 文件上传成功(2023-06-06) -> 运营调整任务完成时间(2023-06-07) -> 审核通过(2023-06-07) -> 标注完成(2023-06-07) -> 标注验收通过(2023-06-11) 
DX,DX-BZ-2023-0092,17509,长沙馆篮球检测标注,冯律,任务完成,2023/6/1,2023/6/1,2023/6/2,1,1,2070,SenseOmni智慧体育产品预研SCG09,R-SC220924.001,创新业务部,SCG09,智慧城市与商业事业群,创新业务部,智慧体育创新中心,3011,lustre,SH-40,451.53,已确认,FALSE,创建(2023-06-01) -> 文件上传(2023-06-01) -> 文件上传成功(2023-06-01) -> 运营调整任务完成时间(2023-06-01) -> 审核通过(2023-06-01) -> 标注完成(2023-06-01) -> 标注验收通过(2023-06-02) 
DX,DX-BZ-2023-0091,17488,2d进球识别优化,冯律,任务完成,2023/5/30,2023/5/30,2023/6/2,3,3,2070,SenseOmni智慧体育产品预研SCG09,R-SC220924.001,创新业务部,SCG09,智慧城市与商业事业群,创新业务部,智慧体育创新中心,15953,lustre,SH-40,357.35,已确认,FALSE,创建(2023-05-30) -> 文件上传(2023-05-30) -> 文件上传成功(2023-05-30) -> 运营调整任务完成时间(2023-05-30) -> 审核通过(2023-05-30) -> 标注完成(2023-05-30) -> 标注验收通过(2023-06-02) 
DX,DX-BZ-2023-0090,17480,20230515to26回流数据检测标注,储祥翠,任务完成,2023/5/26,2023/5/29,2023/6/5,7,10,2017,智能冰箱+SKU预研动态冰箱SCG00,R-SC220886.001,SCG公共,SCG00,智慧城市与商业事业群,创新业务部,智慧体育创新中心,7898,lustre,SH-40,2343.63,已确认,TRUE,创建(2023-05-26) -> 文件上传(2023-05-26) -> 文件上传成功(2023-05-26) -> 运营调整任务完成时间(2023-05-29) -> 审核通过(2023-05-29) -> 标注完成(2023-05-29) -> 验收中有数据包被打回(2023-06-02) -> 标注完成(2023-06-02) -> 标注验收通过(2023-06-05) 
DX,DX-BZ-2023-0089,17417,商品检测框标注,江心雨,任务完成,2023/5/22,2023/5/23,2023/5/24,1,2,2017,智能冰箱+SKU预研动态冰箱SCG00,R-SC220886.001,SCG公共,SCG00,智慧城市与商业事业群,创新业务部,智慧体育创新中心,338,lustre,SH-40,413.37,已确认,FALSE,创建(2023-05-22) -> 文件上传(2023-05-22) -> 文件上传成功(2023-05-22) -> 撤回任务(2023-05-22) -> 文件上传(2023-05-22) -> 重新提交任务(2023-05-22) -> 文件上传成功(2023-05-22) -> 撤回任务(2023-05-22) -> 文件上传(2023-05-22) -> 重新提交任务(2023-05-22) -> 文件上传失败(2023-05-22) -> 文件上传(2023-05-22) -> 重新提交任务(2023-05-22) -> 文件上传成功(2023-05-22) -> 运营调整任务完成时间(2023-05-23) -> 审核通过(2023-05-23) -> 标注完成(2023-05-24) -> 标注验收通过(2023-05-24) 
DX,DX-BZ-2023-0087,17372,静态商品检测框标注,江心雨,任务完成,2023/5/16,2023/5/19,2023/5/24,5,8,2017,智能冰箱+SKU预研动态冰箱SCG00,R-SC220886.001,SCG公共,SCG00,智慧城市与商业事业群,创新业务部,智慧体育创新中心,2172,lustre,SH-40,3371.18,已确认,FALSE,创建(2023-05-16) -> 文件上传(2023-05-16) -> 文件上传成功(2023-05-16) -> 运营调整任务完成时间(2023-05-16) -> 审核通过(2023-05-16) -> 任务标注中被运营撤回到审核中(2023-05-17) -> 运营调整任务完成时间(2023-05-17) -> 审核通过(2023-05-17) -> 标注完成(2023-05-19) -> 标注验收通过(2023-05-24) 
DX,DX-BZ-2023-0088,17373,20230512to14回流数据检测标注,储祥翠,任务完成,2023/5/16,2023/5/17,2023/5/17,0,1,2017,智能冰箱+SKU预研动态冰箱SCG00,R-SC220886.001,SCG公共,SCG00,智慧城市与商业事业群,创新业务部,智慧体育创新中心,1659,lustre,SH-40,508.17,已确认,FALSE,创建(2023-05-16) -> 文件上传(2023-05-16) -> 文件上传成功(2023-05-16) -> 运营调整任务完成时间(2023-05-16) -> 审核通过(2023-05-16) -> 标注完成(2023-05-17) -> 标注验收通过(2023-05-17) 
DX,DX-BZ-2023-0086,17341,20230501_06半监督数据检测标注,储祥翠,任务完成,2023/5/15,2023/5/16,2023/5/17,1,2,2017,智能冰箱+SKU预研动态冰箱SCG00,R-SC220886.001,SCG公共,SCG00,智慧城市与商业事业群,创新业务部,智慧体育创新中心,847,lustre,SH-40,237.09,已确认,FALSE,创建(2023-05-15) -> 文件上传(2023-05-15) -> 文件上传成功(2023-05-15) -> 运营调整任务完成时间(2023-05-15) -> 审核通过(2023-05-15) -> 标注完成(2023-05-17) -> 标注验收通过(2023-05-17) 
DX,DX-BZ-2023-0085,17331,20230501_03_07_08回流数据检测标注,储祥翠,任务完成,2023/5/12,2023/5/13,2023/5/17,4,5,2017,智能冰箱+SKU预研动态冰箱SCG00,R-SC220886.001,SCG公共,SCG00,智慧城市与商业事业群,创新业务部,智慧体育创新中心,2873,lustre,SH-40,946,已确认,TRUE,创建(2023-05-12) -> 文件上传(2023-05-12) -> 文件上传成功(2023-05-12) -> 运营调整任务完成时间(2023-05-12) -> 审核通过(2023-05-12) -> 标注完成(2023-05-16) -> 验收中有数据包被打回(2023-05-17) -> 标注完成(2023-05-17) -> 验收中有数据包被打回(2023-05-17) -> 标注完成(2023-05-17) -> 验收中有数据包被打回(2023-05-17) -> 标注完成(2023-05-17) -> 标注验收通过(2023-05-17) 
DX,DX-BZ-2023-0084,17210,商品检测框标注,江心雨,任务完成,2023/4/24,2023/4/24,2023/5/15,21,21,2017,智能冰箱+SKU预研动态冰箱SCG00,R-SC220886.001,SCG公共,SCG00,智慧城市与商业事业群,创新业务部,智慧体育创新中心,34,lustre,SH-40,52.35,已确认,FALSE,创建(2023-04-24) -> 文件上传(2023-04-24) -> 文件上传成功(2023-04-24) -> 运营调整任务完成时间(2023-04-24) -> 审核通过(2023-04-24) -> 标注完成(2023-05-15) -> 标注验收通过(2023-05-15) 
DX,DX-BZ-2023-0081,17189,3cam 20230411to0420回流数据检测标注,储祥翠,任务完成,2023/4/21,2023/4/21,2023/4/24,3,3,2017,智能冰箱+SKU预研动态冰箱SCG00,R-SC220886.001,SCG公共,SCG00,智慧城市与商业事业群,创新业务部,智慧体育创新中心,958,lustre,SH-40,324.61,已确认,FALSE,创建(2023-04-21) -> 文件上传(2023-04-21) -> 文件上传成功(2023-04-21) -> 运营调整任务完成时间(2023-04-21) -> 审核通过(2023-04-21) -> 标注完成(2023-04-24) -> 标注验收通过(2023-04-24) 
DX,DX-BZ-2023-0082,17192,商品检测框标注,江心雨,任务完成,2023/4/21,2023/5/31,2023/4/24,0,3,2017,智能冰箱+SKU预研动态冰箱SCG00,R-SC220886.001,SCG公共,SCG00,智慧城市与商业事业群,创新业务部,智慧体育创新中心,57,lustre,SH-40,97.63,已确认,FALSE,创建(2023-04-21) -> 文件上传(2023-04-21) -> 文件上传成功(2023-04-21) -> 撤回任务(2023-04-21) -> 文件上传(2023-04-21) -> 重新提交任务(2023-04-21) -> 文件上传成功(2023-04-21) -> 运营调整任务完成时间(2023-04-21) -> 审核通过(2023-04-21) -> 标注完成(2023-04-24) -> 标注验收通过(2023-04-24) -> 运营调整任务完成时间(2023-05-31) 
DX,DX-BZ-2023-0083,17188,2cam 20230324to0420回流数据检测标注,储祥翠,任务完成,2023/4/21,2023/4/21,2023/4/24,3,3,2017,智能冰箱+SKU预研动态冰箱SCG00,R-SC220886.001,SCG公共,SCG00,智慧城市与商业事业群,创新业务部,智慧体育创新中心,2800,lustre,SH-40,900.38,已确认,FALSE,创建(2023-04-21) -> 文件上传(2023-04-21) -> 文件上传成功(2023-04-21) -> 运营调整任务完成时间(2023-04-21) -> 审核通过(2023-04-21) -> 标注完成(2023-04-24) -> 标注验收通过(2023-04-24) 
DX,DX-BZ-2023-0080,17176,动态20230411上新数据检测标注,储祥翠,任务完成,2023/4/20,2023/4/24,2023/4/24,0,4,2017,智能冰箱+SKU预研动态冰箱SCG00,R-SC220886.001,SCG公共,SCG00,智慧城市与商业事业群,创新业务部,智慧体育创新中心,7348,lustre,ABUD,1366.92,已确认,FALSE,创建(2023-04-20) -> 文件上传(2023-04-20) -> 文件上传成功(2023-04-20) -> 运营调整任务完成时间(2023-04-20) -> 审核通过(2023-04-20) -> 标注完成(2023-04-24) -> 标注验收通过(2023-04-24) 
DX,DX-BZ-2023-0078,17092,3cam 20230310to0409上海人工回流数据检测标注,储祥翠,任务完成,2023/4/11,2023/4/11,2023/4/12,1,1,2017,智能冰箱+SKU预研动态冰箱SCG00,R-SC220886.001,SCG公共,SCG00,智慧城市与商业事业群,创新业务部,智慧体育创新中心,4388,lustre,SH-40,1222.72,已确认,FALSE,创建(2023-04-11) -> 文件上传(2023-04-11) -> 文件上传成功(2023-04-11) -> 运营调整任务完成时间(2023-04-11) -> 审核通过(2023-04-11) -> 标注完成(2023-04-12) -> 标注验收通过(2023-04-12) 
DX,DX-BZ-2023-0079,17098,商品检测框标注,江心雨,任务完成,2023/4/11,2023/4/13,2023/4/20,7,9,2017,智能冰箱+SKU预研动态冰箱SCG00,R-SC220886.001,SCG公共,SCG00,智慧城市与商业事业群,创新业务部,智慧体育创新中心,2574,lustre,SH-40,5347.2,已确认,TRUE,创建(2023-04-11) -> 文件上传(2023-04-11) -> 文件上传成功(2023-04-11) -> 运营调整任务完成时间(2023-04-11) -> 审核通过(2023-04-11) -> 标注完成(2023-04-15) -> 验收中有数据包被打回(2023-04-20) -> 标注完成(2023-04-20) -> 标注验收通过(2023-04-20) 
DX,DX-BZ-2023-0077,17088,3cam 202304036to0410长沙人工回流数据检测标注,储祥翠,任务完成,2023/4/10,2023/4/11,2023/4/14,3,4,2017,智能冰箱+SKU预研动态冰箱SCG00,R-SC220886.001,SCG公共,SCG00,智慧城市与商业事业群,创新业务部,智慧体育创新中心,9707,lustre,SH-40,2855.86,已确认,TRUE,创建(2023-04-10) -> 文件上传(2023-04-10) -> 文件上传成功(2023-04-10) -> 运营调整任务完成时间(2023-04-11) -> 审核通过(2023-04-11) -> 标注完成(2023-04-13) -> 验收中有数据包被打回(2023-04-13) -> 标注完成(2023-04-13) -> 标注验收通过(2023-04-14) 
DX,DX-BZ-2023-0076,17063,商品检测框标注 复制[17061],李仁萱,任务完成,2023/4/6,2023/4/6,2023/4/19,13,13,2017,智能冰箱+SKU预研动态冰箱SCG00,R-SC220886.001,SCG公共,SCG00,智慧城市与商业事业群,创新业务部,智慧体育创新中心,78,lustre,SH-40,157.6,已确认,FALSE,创建(2023-04-06) -> 文件上传(2023-04-06) -> 文件上传成功(2023-04-06) -> 运营调整任务完成时间(2023-04-06) -> 审核通过(2023-04-06) -> 标注完成(2023-04-08) -> 标注验收通过(2023-04-19) 
DX,DX-BZ-2023-0074,17048,商品检测框标注,江心雨,任务完成,2023/4/4,2023/4/5,2023/5/15,40,41,2017,智能冰箱+SKU预研动态冰箱SCG00,R-SC220886.001,SCG公共,SCG00,智慧城市与商业事业群,创新业务部,智慧体育创新中心,225,lustre,SH-40,104.29,已确认,FALSE,创建(2023-04-04) -> 文件上传(2023-04-04) -> 文件上传成功(2023-04-04) -> 运营调整任务完成时间(2023-04-04) -> 审核通过(2023-04-04) -> 标注完成(2023-05-15) -> 标注验收通过(2023-05-15) 
DX,DX-BZ-2023-0070,17004,半监督20230328订单数据检测标注,储祥翠,任务完成,2023/4/3,2023/4/7,2023/4/4,0,1,2017,智能冰箱+SKU预研动态冰箱SCG00,R-SC220886.001,SCG公共,SCG00,智慧城市与商业事业群,创新业务部,智慧体育创新中心,2483,lustre,SH-40,728.49,已确认,TRUE,创建(2023-04-03) -> 文件上传(2023-04-03) -> 文件上传成功(2023-04-03) -> 运营调整任务完成时间(2023-04-03) -> 审核通过(2023-04-03) -> 标注完成(2023-04-03) -> 验收中有数据包被打回(2023-04-04) -> 标注完成(2023-04-04) -> 标注验收通过(2023-04-04) 
DX,DX-BZ-2023-0071,17018,动态冻柜上新20230331订单数据检测标注,储祥翠,任务完成,2023/4/3,2023/4/7,2023/4/7,0,4,2017,智能冰箱+SKU预研动态冰箱SCG00,R-SC220886.001,SCG公共,SCG00,智慧城市与商业事业群,创新业务部,智慧体育创新中心,6590,lustre,SH-40,1118.71,已确认,TRUE,创建(2023-04-03) -> 文件上传(2023-04-03) -> 文件上传成功(2023-04-03) -> 运营调整任务完成时间(2023-04-03) -> 审核通过(2023-04-03) -> 标注完成(2023-04-04) -> 验收中有数据包被打回(2023-04-07) -> 标注完成(2023-04-07) -> 标注验收通过(2023-04-07) 
DX,DX-BZ-2023-0072,17019,动态20230329开城上新数据检测标注,储祥翠,任务完成,2023/4/3,2023/4/7,2023/4/11,4,8,2017,智能冰箱+SKU预研动态冰箱SCG00,R-SC220886.001,SCG公共,SCG00,智慧城市与商业事业群,创新业务部,智慧体育创新中心,10165,lustre,SH-40,1516.48,已确认,TRUE,创建(2023-04-03) -> 文件上传(2023-04-03) -> 文件上传成功(2023-04-03) -> 运营调整任务完成时间(2023-04-03) -> 审核通过(2023-04-03) -> 标注完成(2023-04-11) -> 验收中有数据包被打回(2023-04-11) -> 标注完成(2023-04-11) -> 验收中有数据包被打回(2023-04-11) -> 标注完成(2023-04-11) -> 标注验收通过(2023-04-11) 
DX,DX-BZ-2023-0073,17020,动态20230330上新数据检测标注,储祥翠,任务完成,2023/4/3,2023/4/7,2023/4/11,4,8,2017,智能冰箱+SKU预研动态冰箱SCG00,R-SC220886.001,SCG公共,SCG00,智慧城市与商业事业群,创新业务部,智慧体育创新中心,14995,lustre,SH-40,2307.22,已确认,TRUE,创建(2023-04-03) -> 文件上传(2023-04-03) -> 文件上传成功(2023-04-03) -> 运营调整任务完成时间(2023-04-04) -> 审核通过(2023-04-04) -> 标注完成(2023-04-11) -> 验收中有数据包被打回(2023-04-11) -> 标注完成(2023-04-11) -> 标注验收通过(2023-04-11) 
DX,DX-BZ-2023-0067,16986,商品检测框标注,江心雨,任务完成,2023/3/31,2023/4/1,2023/4/4,3,4,2017,智能冰箱+SKU预研动态冰箱SCG00,R-SC220886.001,SCG公共,SCG00,智慧城市与商业事业群,创新业务部,智慧体育创新中心,169,lustre,ABUD,278.16,已确认,FALSE,创建(2023-03-31) -> 文件上传(2023-03-31) -> 文件上传失败(2023-03-31) -> 文件上传(2023-03-31) -> 重新提交任务(2023-03-31) -> 文件上传成功(2023-03-31) -> 运营调整任务完成时间(2023-03-31) -> 审核通过(2023-03-31) -> 标注完成(2023-04-03) -> 标注验收通过(2023-04-04) 
DX,DX-BZ-2023-0068,16983,商品检测框标注,江心雨,任务完成,2023/3/31,2023/4/1,2023/4/4,3,4,2017,智能冰箱+SKU预研动态冰箱SCG00,R-SC220886.001,SCG公共,SCG00,智慧城市与商业事业群,创新业务部,智慧体育创新中心,748,lustre,ABUD,1464.95,已确认,FALSE,创建(2023-03-31) -> 文件上传(2023-03-31) -> 文件上传失败(2023-03-31) -> 文件上传(2023-03-31) -> 重新提交任务(2023-03-31) -> 文件上传成功(2023-03-31) -> 运营调整任务完成时间(2023-03-31) -> 审核通过(2023-03-31) -> 标注完成(2023-04-04) -> 标注验收通过(2023-04-04) 
DX,DX-BZ-2023-0069,16977,商品检测框标注,江心雨,任务完成,2023/3/31,2023/3/31,2023/4/4,4,4,2017,智能冰箱+SKU预研动态冰箱SCG00,R-SC220886.001,SCG公共,SCG00,智慧城市与商业事业群,创新业务部,智慧体育创新中心,214,lustre,SH-40,445.31,已确认,TRUE,创建(2023-03-31) -> 文件上传(2023-03-31) -> 文件上传成功(2023-03-31) -> 运营调整任务完成时间(2023-03-31) -> 审核通过(2023-03-31) -> 标注完成(2023-04-01) -> 验收中有数据包被打回(2023-04-02) -> 标注完成(2023-04-02) -> 验收中有数据包被打回(2023-04-02) -> 标注完成(2023-04-02) -> 标注验收通过(2023-04-04) 
DX,DX-BZ-2023-0066,16971,2D投篮识别 复制[13008][2023-03-30 18:45:35],敖一宸,任务完成,2023/3/30,2023/3/31,2023/4/3,3,4,2070,SenseOmni智慧体育产品预研SCG09,R-SC220924.001,创新业务部,SCG09,智慧城市与商业事业群,创新业务部,智慧体育创新中心,1500,lustre,SH-40,46.2,已确认,FALSE,创建(2023-03-30) -> 文件上传(2023-03-30) -> 文件上传成功(2023-03-30) -> 运营调整任务完成时间(2023-03-31) -> 审核通过(2023-03-31) -> 标注完成(2023-03-31) -> 标注验收通过(2023-04-03) 
DX,DX-BZ-2023-0064,16948,2cam 推人工小物品订单数据检测标注,储祥翠,任务完成,2023/3/29,2023/4/1,2023/4/4,3,6,2017,智能冰箱+SKU预研动态冰箱SCG00,R-SC220886.001,SCG公共,SCG00,智慧城市与商业事业群,创新业务部,智慧体育创新中心,12076,lustre,SH-40,3528.77,已确认,TRUE,创建(2023-03-29) -> 文件上传(2023-03-29) -> 文件上传成功(2023-03-29) -> 运营调整任务完成时间(2023-03-30) -> 审核通过(2023-03-30) -> 标注完成(2023-04-01) -> 验收中有数据包被打回(2023-04-04) -> 标注完成(2023-04-04) -> 标注验收通过(2023-04-04) 
DX,DX-BZ-2023-0065,16954,商品检测框标注,江心雨,任务完成,2023/3/29,2023/4/1,2023/3/30,0,1,2017,智能冰箱+SKU预研动态冰箱SCG00,R-SC220886.001,SCG公共,SCG00,智慧城市与商业事业群,创新业务部,智慧体育创新中心,36,lustre,SH-40,54.69,已确认,FALSE,创建(2023-03-29) -> 文件上传(2023-03-29) -> 文件上传成功(2023-03-29) -> 运营调整任务完成时间(2023-03-30) -> 审核通过(2023-03-30) -> 标注完成(2023-03-30) -> 标注验收通过(2023-03-30) 
DX,DX-BZ-2023-0063,16921,商品检测框标注,江心雨,任务完成,2023/3/28,2023/3/30,2023/4/4,5,7,2017,智能冰箱+SKU预研动态冰箱SCG00,R-SC220886.001,SCG公共,SCG00,智慧城市与商业事业群,创新业务部,智慧体育创新中心,3774,lustre,SH-40,7323.63,已确认,FALSE,创建(2023-03-28) -> 文件上传(2023-03-28) -> 文件上传成功(2023-03-28) -> 运营调整任务完成时间(2023-03-28) -> 审核通过(2023-03-28) -> 标注完成(2023-03-30) -> 标注验收通过(2023-04-04) 
DX,DX-BZ-2023-0062,16886,2cam 20230314to0323订单数据检测标注,储祥翠,任务完成,2023/3/24,2023/3/27,2023/3/30,3,6,2017,智能冰箱+SKU预研动态冰箱SCG00,R-SC220886.001,SCG公共,SCG00,智慧城市与商业事业群,创新业务部,智慧体育创新中心,2908,lustre,SH-40,789.91,已确认,TRUE,创建(2023-03-24) -> 文件上传(2023-03-24) -> 文件上传成功(2023-03-24) -> 运营调整任务完成时间(2023-03-24) -> 审核通过(2023-03-24) -> 标注完成(2023-03-30) -> 验收中有数据包被打回(2023-03-30) -> 标注完成(2023-03-30) -> 标注验收通过(2023-03-30) 
DX,DX-BZ-2023-0061,16866,动态上新20230323订单数据检测标注,储祥翠,任务完成,2023/3/23,2023/3/27,2023/3/30,3,7,2017,智能冰箱+SKU预研动态冰箱SCG00,R-SC220886.001,SCG公共,SCG00,智慧城市与商业事业群,创新业务部,智慧体育创新中心,25789,lustre,SH-40,3631,已确认,TRUE,创建(2023-03-23) -> 文件上传(2023-03-23) -> 文件上传成功(2023-03-23) -> 运营调整任务完成时间(2023-03-23) -> 审核通过(2023-03-23) -> 标注完成(2023-03-27) -> 验收中有数据包被打回(2023-03-28) -> 标注完成(2023-03-28) -> 标注验收通过(2023-03-30) 
DX,DX-BZ-2023-0057,16831,商品检测框标注,江心雨,任务完成,2023/3/21,2023/3/22,2023/3/22,0,1,2017,智能冰箱+SKU预研动态冰箱SCG00,R-SC220886.001,SCG公共,SCG00,智慧城市与商业事业群,创新业务部,智慧体育创新中心,32,lustre,SH-40,64.93,已确认,TRUE,创建(2023-03-21) -> 文件上传(2023-03-21) -> 文件上传成功(2023-03-21) -> 运营调整任务完成时间(2023-03-22) -> 审核通过(2023-03-22) -> 标注完成(2023-03-22) -> 验收中有数据包被打回(2023-03-22) -> 标注完成(2023-03-22) -> 验收中有数据包被打回(2023-03-22) -> 标注完成(2023-03-22) -> 标注验收通过(2023-03-22) 
DX,DX-BZ-2023-0058,16832,商品检测框标注,江心雨,任务完成,2023/3/21,2023/3/22,2023/3/22,0,1,2017,智能冰箱+SKU预研动态冰箱SCG00,R-SC220886.001,SCG公共,SCG00,智慧城市与商业事业群,创新业务部,智慧体育创新中心,36,lustre,SH-40,14.08,已确认,TRUE,创建(2023-03-21) -> 文件上传(2023-03-21) -> 文件上传成功(2023-03-21) -> 运营调整任务完成时间(2023-03-22) -> 审核通过(2023-03-22) -> 标注完成(2023-03-22) -> 验收中有数据包被打回(2023-03-22) -> 标注完成(2023-03-22) -> 验收中有数据包被打回(2023-03-22) -> 标注完成(2023-03-22) -> 标注验收通过(2023-03-22) 
DX,DX-BZ-2023-0059,16833,商品检测框标注,江心雨,任务完成,2023/3/21,2023/3/22,2023/3/22,0,1,2017,智能冰箱+SKU预研动态冰箱SCG00,R-SC220886.001,SCG公共,SCG00,智慧城市与商业事业群,创新业务部,智慧体育创新中心,91,lustre,SH-40,193.96,已确认,TRUE,创建(2023-03-21) -> 文件上传(2023-03-21) -> 文件上传成功(2023-03-21) -> 运营调整任务完成时间(2023-03-22) -> 审核通过(2023-03-22) -> 标注完成(2023-03-22) -> 验收中有数据包被打回(2023-03-22) -> 标注完成(2023-03-22) -> 验收中有数据包被打回(2023-03-22) -> 标注完成(2023-03-22) -> 标注验收通过(2023-03-22) 
DX,DX-BZ-2023-0060,16834,商品检测框标注（只标透光数据）,江心雨,任务完成,2023/3/21,2023/3/22,2023/3/30,8,9,2017,智能冰箱+SKU预研动态冰箱SCG00,R-SC220886.001,SCG公共,SCG00,智慧城市与商业事业群,创新业务部,智慧体育创新中心,1854,lustre,SH-40,2747.52,已确认,TRUE,创建(2023-03-21) -> 文件上传(2023-03-21) -> 文件上传成功(2023-03-21) -> 运营调整任务完成时间(2023-03-22) -> 审核通过(2023-03-22) -> 标注完成(2023-03-23) -> 验收中有数据包被打回(2023-03-30) -> 标注完成(2023-03-30) -> 标注验收通过(2023-03-30) 
DX,DX-BZ-2023-0055,16808,2cam 20230216to0313人工回流数据检测标注,储祥翠,任务完成,2023/3/20,2023/3/20,2023/3/21,1,1,2017,智能冰箱+SKU预研动态冰箱SCG00,R-SC220886.001,SCG公共,SCG00,智慧城市与商业事业群,创新业务部,智慧体育创新中心,3267,lustre,SH-40,1003.85,已确认,TRUE,创建(2023-03-20) -> 文件上传(2023-03-20) -> 文件上传成功(2023-03-20) -> 运营调整任务完成时间(2023-03-20) -> 审核通过(2023-03-20) -> 标注完成(2023-03-21) -> 验收中有数据包被打回(2023-03-21) -> 标注完成(2023-03-21) -> 标注验收通过(2023-03-21) 
DX,DX-BZ-2023-0056,16818,半监督20230207订单数据检测标注,储祥翠,任务完成,2023/3/20,2023/3/24,2023/3/24,0,4,2017,智能冰箱+SKU预研动态冰箱SCG00,R-SC220886.001,SCG公共,SCG00,智慧城市与商业事业群,创新业务部,智慧体育创新中心,1965,lustre,SH-40,531.94,已确认,TRUE,创建(2023-03-20) -> 文件上传(2023-03-20) -> 文件上传成功(2023-03-20) -> 运营调整任务完成时间(2023-03-20) -> 审核通过(2023-03-20) -> 标注完成(2023-03-24) -> 验收中有数据包被打回(2023-03-24) -> 标注完成(2023-03-24) -> 标注验收通过(2023-03-24) 
DX,DX-BZ-2023-0051,16762,动态上新20230314订单数据检测标注,储祥翠,任务完成,2023/3/15,2023/3/19,2023/3/20,1,5,2017,智能冰箱+SKU预研动态冰箱SCG00,R-SC220886.001,SCG公共,SCG00,智慧城市与商业事业群,创新业务部,智慧体育创新中心,20841,lustre,SH-40,2985.15,已确认,FALSE,创建(2023-03-15) -> 文件上传(2023-03-15) -> 文件上传成功(2023-03-15) -> 撤回任务(2023-03-15) -> 文件上传(2023-03-15) -> 重新提交任务(2023-03-15) -> 文件上传成功(2023-03-15) -> 撤回任务(2023-03-15) -> 文件上传(2023-03-16) -> 重新提交任务(2023-03-16) -> 文件上传成功(2023-03-16) -> 运营调整任务完成时间(2023-03-17) -> 审核通过(2023-03-17) -> 标注完成(2023-03-20) -> 标注验收通过(2023-03-20) 
DX,DX-BZ-2023-0052,16760,乒乓球检测框标注（跳过竞价）,王俊豪,任务完成,2023/3/15,2023/3/16,2023/3/16,0,1,2070,SenseOmni智慧体育产品预研SCG09,R-SC220924.001,创新业务部,SCG09,智慧城市与商业事业群,创新业务部,智慧体育创新中心,1013,lustre,SH-40,47.27,已确认,FALSE,创建(2023-03-15) -> 文件上传(2023-03-15) -> 文件上传成功(2023-03-15) -> 撤回任务(2023-03-15) -> 文件上传(2023-03-15) -> 重新提交任务(2023-03-15) -> 文件上传失败(2023-03-15) -> 文件上传(2023-03-15) -> 重新提交任务(2023-03-15) -> 文件上传成功(2023-03-15) -> 运营调整任务完成时间(2023-03-15) -> 审核通过(2023-03-15) -> 标注完成(2023-03-15) -> 标注验收通过(2023-03-16) 
DX,DX-BZ-2023-0053,16764,动态上新20230306订单数据检测标注v2,储祥翠,任务完成,2023/3/15,2023/3/19,2023/3/20,1,5,2017,智能冰箱+SKU预研动态冰箱SCG00,R-SC220886.001,SCG公共,SCG00,智慧城市与商业事业群,创新业务部,智慧体育创新中心,6955,lustre,SH-40,822.34,已确认,FALSE,创建(2023-03-15) -> 文件上传(2023-03-15) -> 文件上传成功(2023-03-15) -> 运营调整任务完成时间(2023-03-15) -> 审核通过(2023-03-15) -> 标注完成(2023-03-17) -> 标注验收通过(2023-03-20) 
DX,DX-BZ-2023-0054,16766,乒乓球检测框标注（跳过竞价）,王俊豪,任务完成,2023/3/15,2023/3/15,2023/3/16,1,1,2070,SenseOmni智慧体育产品预研SCG09,R-SC220924.001,创新业务部,SCG09,智慧城市与商业事业群,创新业务部,智慧体育创新中心,797,lustre,SH-40,45.45,已确认,FALSE,创建(2023-03-15) -> 文件上传(2023-03-15) -> 文件上传成功(2023-03-15) -> 运营调整任务完成时间(2023-03-15) -> 审核通过(2023-03-15) -> 标注完成(2023-03-15) -> 标注验收通过(2023-03-16) 
DX,DX-BZ-2023-0049,16749,AI park18相机篮球检测裱糊,冯律,任务完成,2023/3/14,2023/3/14,2023/3/21,7,7,2070,SenseOmni智慧体育产品预研SCG09,R-SC220924.001,创新业务部,SCG09,智慧城市与商业事业群,创新业务部,智慧体育创新中心,18000,lustre,SH-40,1962.18,已确认,FALSE,创建(2023-03-14) -> 文件上传(2023-03-14) -> 文件上传成功(2023-03-14) -> 运营调整任务完成时间(2023-03-14) -> 审核通过(2023-03-14) -> 标注完成(2023-03-15) -> 标注验收通过(2023-03-21) 
DX,DX-BZ-2023-0050,16757,乒乓球检测框标注,王俊豪,任务完成,2023/3/14,2023/3/15,2023/3/15,0,1,2070,SenseOmni智慧体育产品预研SCG09,R-SC220924.001,创新业务部,SCG09,智慧城市与商业事业群,创新业务部,智慧体育创新中心,994,lustre,SH-40,40.66,已确认,FALSE,创建(2023-03-14) -> 文件上传(2023-03-14) -> 文件上传成功(2023-03-14) -> 运营调整任务完成时间(2023-03-15) -> 审核通过(2023-03-15) -> 标注完成(2023-03-15) -> 标注验收通过(2023-03-15) 
DX,DX-BZ-2023-0046,16737,动态上新20230306订单数据检测标注,储祥翠,任务完成,2023/3/13,2023/3/17,2023/3/20,3,7,2017,智能冰箱+SKU预研动态冰箱SCG00,R-SC220886.001,SCG公共,SCG00,智慧城市与商业事业群,创新业务部,智慧体育创新中心,6415,lustre,SH-40,1005.08,已确认,FALSE,创建(2023-03-13) -> 文件上传(2023-03-13) -> 文件上传成功(2023-03-13) -> 运营调整任务完成时间(2023-03-13) -> 审核通过(2023-03-13) -> 标注完成(2023-03-16) -> 标注验收通过(2023-03-20) 
DX,DX-BZ-2023-0047,16742,商品检测框标注,江心雨,任务完成,2023/3/13,2023/3/15,2023/3/17,2,4,2017,智能冰箱+SKU预研动态冰箱SCG00,R-SC220886.001,SCG公共,SCG00,智慧城市与商业事业群,创新业务部,智慧体育创新中心,2910,lustre,SH-40,7443.43,已确认,FALSE,创建(2023-03-13) -> 文件上传(2023-03-13) -> 文件上传成功(2023-03-13) -> 撤回任务(2023-03-13) -> 文件上传(2023-03-13) -> 重新提交任务(2023-03-13) -> 文件上传成功(2023-03-13) -> 运营调整任务完成时间(2023-03-14) -> 审核通过(2023-03-14) -> 标注完成(2023-03-16) -> 标注验收通过(2023-03-17) 
DX,DX-BZ-2023-0048,16745,商品检测框标注,江心雨,任务完成,2023/3/13,2023/3/15,2023/3/16,1,3,2017,智能冰箱+SKU预研动态冰箱SCG00,R-SC220886.001,SCG公共,SCG00,智慧城市与商业事业群,创新业务部,智慧体育创新中心,13,lustre,SH-40,43.53,已确认,FALSE,创建(2023-03-13) -> 文件上传(2023-03-13) -> 文件上传成功(2023-03-13) -> 运营调整任务完成时间(2023-03-14) -> 审核通过(2023-03-14) -> 标注完成(2023-03-14) -> 标注验收通过(2023-03-16) 
DX,DX-BZ-2023-0044,16693,0号机20230307人工回流数据检测标注,储祥翠,任务完成,2023/3/10,2023/3/14,2023/3/13,0,3,2017,智能冰箱+SKU预研动态冰箱SCG00,R-SC220886.001,SCG公共,SCG00,智慧城市与商业事业群,创新业务部,智慧体育创新中心,2656,lustre,SH-40,497.8,已确认,FALSE,创建(2023-03-10) -> 文件上传(2023-03-10) -> 文件上传成功(2023-03-10) -> 运营调整任务完成时间(2023-03-10) -> 审核通过(2023-03-10) -> 标注完成(2023-03-11) -> 标注验收通过(2023-03-13) 
DX,DX-BZ-2023-0045,16694,0号机20230309人工回流数据检测标注,储祥翠,任务完成,2023/3/10,2023/3/14,2023/3/13,0,3,2017,智能冰箱+SKU预研动态冰箱SCG00,R-SC220886.001,SCG公共,SCG00,智慧城市与商业事业群,创新业务部,智慧体育创新中心,2928,lustre,SH-40,585.19,已确认,TRUE,创建(2023-03-10) -> 文件上传(2023-03-10) -> 文件上传成功(2023-03-10) -> 运营调整任务完成时间(2023-03-10) -> 审核通过(2023-03-10) -> 标注完成(2023-03-11) -> 验收中有数据包被打回(2023-03-13) -> 标注完成(2023-03-13) -> 验收中有数据包被打回(2023-03-13) -> 标注完成(2023-03-13) -> 标注验收通过(2023-03-13) 
DX,DX-BZ-2023-0043,16648,0号机20230304-06人工回流数据检测标注,储祥翠,任务完成,2023/3/7,2023/3/11,2023/3/13,2,6,2017,智能冰箱+SKU预研动态冰箱SCG00,R-SC220886.001,SCG公共,SCG00,智慧城市与商业事业群,创新业务部,智慧体育创新中心,11188,lustre,SH-40,2426.48,已确认,TRUE,创建(2023-03-07) -> 文件上传(2023-03-07) -> 文件上传成功(2023-03-07) -> 运营调整任务完成时间(2023-03-07) -> 审核通过(2023-03-07) -> 标注完成(2023-03-10) -> 验收中有数据包被打回(2023-03-13) -> 标注完成(2023-03-13) -> 标注验收通过(2023-03-13) 
DX,DX-BZ-2023-0033,16607,0号机20230225-0302人工回流数据检测标注,储祥翠,任务完成,2023/3/3,2023/3/7,2023/3/6,0,3,2017,智能冰箱+SKU预研动态冰箱SCG00,R-SC220886.001,SCG公共,SCG00,智慧城市与商业事业群,创新业务部,智慧体育创新中心,4863,lustre,SH-40,1214.62,已确认,FALSE,创建(2023-03-03) -> 文件上传(2023-03-03) -> 文件上传成功(2023-03-03) -> 运营调整任务完成时间(2023-03-03) -> 审核通过(2023-03-03) -> 标注完成(2023-03-06) -> 标注验收通过(2023-03-06) 
DX,DX-BZ-2023-0034,16604,商品检测框标注,江心雨,任务完成,2023/3/3,2023/3/7,2023/3/16,9,13,2017,智能冰箱+SKU预研动态冰箱SCG00,R-SC220886.001,SCG公共,SCG00,智慧城市与商业事业群,创新业务部,智慧体育创新中心,347,lustre,SH-40,692.7,已确认,FALSE,创建(2023-03-03) -> 文件上传(2023-03-03) -> 文件上传成功(2023-03-03) -> 运营调整任务完成时间(2023-03-03) -> 审核通过(2023-03-03) -> 标注完成(2023-03-07) -> 标注验收通过(2023-03-16) 
DX,DX-BZ-2023-0035,16603,商品检测框标注,江心雨,任务完成,2023/3/3,2023/3/7,2023/3/16,9,13,2017,智能冰箱+SKU预研动态冰箱SCG00,R-SC220886.001,SCG公共,SCG00,智慧城市与商业事业群,创新业务部,智慧体育创新中心,54,lustre,SH-40,43.9,已确认,FALSE,创建(2023-03-03) -> 文件上传(2023-03-03) -> 文件上传成功(2023-03-03) -> 运营调整任务完成时间(2023-03-03) -> 审核通过(2023-03-03) -> 标注完成(2023-03-06) -> 标注验收通过(2023-03-16) 
DX,DX-BZ-2023-0036,16617,0号机20230303人工回流数据检测标注,储祥翠,任务完成,2023/3/3,2023/3/7,2023/3/6,0,3,2017,智能冰箱+SKU预研动态冰箱SCG00,R-SC220886.001,SCG公共,SCG00,智慧城市与商业事业群,创新业务部,智慧体育创新中心,3819,lustre,SH-40,752.34,已确认,FALSE,创建(2023-03-03) -> 文件上传(2023-03-03) -> 文件上传成功(2023-03-03) -> 运营调整任务完成时间(2023-03-06) -> 审核通过(2023-03-06) -> 标注完成(2023-03-06) -> 标注验收通过(2023-03-06) 
DX,DX-BZ-2023-0037,16598,检测测试集-0号机20230223人工回流数据检测标注,储祥翠,任务完成,2023/3/3,2023/3/7,2023/3/6,0,3,2017,智能冰箱+SKU预研动态冰箱SCG00,R-SC220886.001,SCG公共,SCG00,智慧城市与商业事业群,创新业务部,智慧体育创新中心,3017,lustre,SH-40,533.73,已确认,FALSE,创建(2023-03-03) -> 文件上传(2023-03-03) -> 文件上传成功(2023-03-03) -> 运营调整任务完成时间(2023-03-03) -> 审核通过(2023-03-03) -> 任务标注中被运营撤回到审核中(2023-03-03) -> 撤回任务(2023-03-03) -> 文件上传(2023-03-03) -> 重新提交任务(2023-03-03) -> 文件上传成功(2023-03-03) -> 运营调整任务完成时间(2023-03-03) -> 审核通过(2023-03-03) -> 标注完成(2023-03-06) -> 标注验收通过(2023-03-06) 
DX,DX-BZ-2023-0038,16597,检测测试集-20230223人工回流数据检测标注,储祥翠,任务完成,2023/3/3,2023/3/3,2023/3/14,11,11,2017,智能冰箱+SKU预研动态冰箱SCG00,R-SC220886.001,SCG公共,SCG00,智慧城市与商业事业群,创新业务部,智慧体育创新中心,23140,lustre,SH-40,5071.37,已确认,TRUE,创建(2023-03-03) -> 文件上传(2023-03-03) -> 文件上传成功(2023-03-03) -> 运营调整任务完成时间(2023-03-03) -> 审核通过(2023-03-03) -> 标注完成(2023-03-09) -> 验收中有数据包被打回(2023-03-14) -> 标注完成(2023-03-14) -> 标注验收通过(2023-03-14) 
DX,DX-BZ-2023-0039,16592,检测测试集-20230110人工回流数据检测标注,储祥翠,任务完成,2023/3/3,2023/3/3,2023/3/14,11,11,2017,智能冰箱+SKU预研动态冰箱SCG00,R-SC220886.001,SCG公共,SCG00,智慧城市与商业事业群,创新业务部,智慧体育创新中心,17651,lustre,SH-40,4119.53,已确认,TRUE,创建(2023-03-03) -> 文件上传(2023-03-03) -> 文件上传成功(2023-03-03) -> 运营调整任务完成时间(2023-03-03) -> 审核通过(2023-03-03) -> 标注完成(2023-03-08) -> 验收中有数据包被打回(2023-03-14) -> 标注完成(2023-03-14) -> 标注验收通过(2023-03-14) 
DX,DX-BZ-2023-0040,16591,检测测试集-20230302人工回流数据检测标注,储祥翠,任务完成,2023/3/3,2023/3/3,2023/3/13,10,10,2017,智能冰箱+SKU预研动态冰箱SCG00,R-SC220886.001,SCG公共,SCG00,智慧城市与商业事业群,创新业务部,智慧体育创新中心,4247,lustre,SH-40,1194.63,已确认,FALSE,创建(2023-03-03) -> 文件上传(2023-03-03) -> 文件上传成功(2023-03-03) -> 运营调整任务完成时间(2023-03-03) -> 审核通过(2023-03-03) -> 标注完成(2023-03-07) -> 标注验收通过(2023-03-13) 
DX,DX-BZ-2023-0041,16602,senselive标注AI park球馆篮球检测框,冯律,任务完成,2023/3/3,2023/3/4,2023/3/21,17,18,2070,SenseOmni智慧体育产品预研SCG09,R-SC220924.001,创新业务部,SCG09,智慧城市与商业事业群,创新业务部,智慧体育创新中心,12000,lustre,SH-40,1697.97,已确认,FALSE,创建(2023-03-03) -> 文件上传(2023-03-03) -> 文件上传成功(2023-03-03) -> 运营调整任务完成时间(2023-03-03) -> 审核通过(2023-03-03) -> 标注完成(2023-03-06) -> 标注验收通过(2023-03-21) 
DX,DX-BZ-2023-0042,16608,0号机20230225-0302人工回流数据检测标注-抽样100单,储祥翠,任务完成,2023/3/3,2023/3/7,2023/3/6,0,3,2017,智能冰箱+SKU预研动态冰箱SCG00,R-SC220886.001,SCG公共,SCG00,智慧城市与商业事业群,创新业务部,智慧体育创新中心,6619,lustre,SH-40,1365.89,已确认,FALSE,创建(2023-03-03) -> 文件上传(2023-03-03) -> 文件上传成功(2023-03-03) -> 运营调整任务完成时间(2023-03-03) -> 审核通过(2023-03-03) -> 标注完成(2023-03-06) -> 标注验收通过(2023-03-06) 
DX,DX-BZ-2023-0032,16547,篮球检测标注,王俊豪,任务完成,2023/2/28,2023/3/1,2023/3/15,14,15,2070,SenseOmni智慧体育产品预研SCG09,R-SC220924.001,创新业务部,SCG09,智慧城市与商业事业群,创新业务部,智慧体育创新中心,16006,lustre,SH-40,818.37,已确认,FALSE,创建(2023-02-28) -> 文件上传(2023-02-28) -> 文件上传成功(2023-02-28) -> 运营调整任务完成时间(2023-03-01) -> 审核通过(2023-03-01) -> 标注完成(2023-03-01) -> 标注验收通过(2023-03-15) 
DX,DX-BZ-2023-0031,16515,snow51的关键点标注,王俊豪,任务完成,2023/2/27,2023/2/28,2023/3/15,15,16,2070,SenseOmni智慧体育产品预研SCG09,R-SC220924.001,创新业务部,SCG09,智慧城市与商业事业群,创新业务部,智慧体育创新中心,1000,lustre,SH-40,1465.93,已确认,FALSE,创建(2023-02-27) -> 文件上传(2023-02-27) -> 文件上传成功(2023-02-27) -> 运营调整任务完成时间(2023-02-27) -> 审核通过(2023-02-27) -> 标注完成(2023-02-28) -> 标注验收通过(2023-03-15) 
DX,DX-BZ-2023-0030,16493,0号机20230221-23人工回流数据检测标注2,储祥翠,任务完成,2023/2/24,2023/2/24,2023/2/24,0,0,2017,智能冰箱+SKU预研动态冰箱SCG00,R-SC220886.001,SCG公共,SCG00,智慧城市与商业事业群,创新业务部,智慧体育创新中心,2713,lustre,SH-40,421.2,已确认,FALSE,创建(2023-02-24) -> 文件上传(2023-02-24) -> 文件上传成功(2023-02-24) -> 运营调整任务完成时间(2023-02-24) -> 审核通过(2023-02-24) -> 标注完成(2023-02-24) -> 标注验收通过(2023-02-24) 
DX,DX-BZ-2023-0029,16490,0号机20230221-23人工回流数据检测标注,储祥翠,任务完成,2023/2/23,2023/5/17,2023/2/26,0,3,2017,智能冰箱+SKU预研动态冰箱SCG00,R-SC220886.001,SCG公共,SCG00,智慧城市与商业事业群,创新业务部,智慧体育创新中心,6149,lustre,SH-40,1848.86,已确认,TRUE,创建(2023-02-23) -> 文件上传(2023-02-23) -> 文件上传成功(2023-02-23) -> 运营调整任务完成时间(2023-02-23) -> 审核通过(2023-02-23) -> 撤回任务(2023-02-23) -> 文件上传(2023-02-23) -> 重新提交任务(2023-02-23) -> 文件上传成功(2023-02-23) -> 运营调整任务完成时间(2023-02-24) -> 审核通过(2023-02-24) -> 标注完成(2023-02-25) -> 验收中有数据包被打回(2023-02-25) -> 标注完成(2023-02-25) -> 标注验收通过(2023-02-26) -> 运营调整任务完成时间(2023-05-17) 
DX,DX-BZ-2023-0027,16363,麦当劳第二批,宫宇辰,任务完成,2023/2/20,2023/2/20,2023/2/23,3,3,2019,智能冰箱+SKU预研静态冰箱SCG00,R-SC220888.001,SCG公共,SCG00,智慧城市与商业事业群,创新业务部,智慧体育创新中心,21,lustre,ABUD,4.74,已确认,FALSE,创建(2023-02-20) -> 文件上传(2023-02-20) -> 文件上传成功(2023-02-20) -> 运营调整任务完成时间(2023-02-20) -> 审核通过(2023-02-20) -> 标注完成(2023-02-22) -> 标注验收通过(2023-02-23) 
DX,DX-BZ-2023-0028,16356,麦当劳标注,宫宇辰,任务完成,2023/2/20,2023/2/20,2023/2/22,2,2,2019,智能冰箱+SKU预研静态冰箱SCG00,R-SC220888.001,SCG公共,SCG00,智慧城市与商业事业群,创新业务部,智慧体育创新中心,16,lustre,ABUD,3.3,已确认,TRUE,创建(2023-02-20) -> 文件上传(2023-02-20) -> 文件上传失败(2023-02-20) -> 文件上传(2023-02-20) -> 重新提交任务(2023-02-20) -> 文件上传成功(2023-02-20) -> 运营调整任务完成时间(2023-02-20) -> 审核通过(2023-02-20) -> 标注完成(2023-02-20) -> 验收中有数据包被打回(2023-02-20) -> 标注完成(2023-02-20) -> 标注验收通过(2023-02-22) 
DX,DX-BZ-2023-0025,16348,静态星星,宫宇辰,任务完成,2023/2/17,2023/2/18,2023/2/23,5,6,2019,智能冰箱+SKU预研静态冰箱SCG00,R-SC220888.001,SCG公共,SCG00,智慧城市与商业事业群,创新业务部,智慧体育创新中心,64583,lustre,SH-40,4436.85,已确认,TRUE,创建(2023-02-17) -> 文件上传(2023-02-17) -> 文件上传成功(2023-02-17) -> 运营调整任务完成时间(2023-02-17) -> 审核通过(2023-02-17) -> 标注完成(2023-02-20) -> 验收中有数据包被打回(2023-02-20) -> 标注完成(2023-02-20) -> 标注验收通过(2023-02-23) 
DX,DX-BZ-2023-0026,16339,20230207to15人工回流数据检测标注,储祥翠,任务完成,2023/2/17,2023/5/17,2023/2/22,0,5,2017,智能冰箱+SKU预研动态冰箱SCG00,R-SC220886.001,SCG公共,SCG00,智慧城市与商业事业群,创新业务部,智慧体育创新中心,20987,lustre,SH-40,5861.75,已确认,TRUE,创建(2023-02-17) -> 文件上传(2023-02-17) -> 文件上传成功(2023-02-17) -> 运营调整任务完成时间(2023-02-17) -> 审核通过(2023-02-17) -> 标注完成(2023-02-20) -> 验收中有数据包被打回(2023-02-21) -> 标注完成(2023-02-22) -> 标注验收通过(2023-02-22) -> 运营调整任务完成时间(2023-05-17) 
DX,DX-BZ-2023-0021,16303,20230201生活用品—单sku检测标注,储祥翠,任务完成,2023/2/15,2023/2/18,2023/2/21,3,6,2017,智能冰箱+SKU预研动态冰箱SCG00,R-SC220886.001,SCG公共,SCG00,智慧城市与商业事业群,创新业务部,智慧体育创新中心,5898,lustre,SH-40,590.13,已确认,FALSE,创建(2023-02-15) -> 文件上传(2023-02-15) -> 文件上传成功(2023-02-15) -> 运营调整任务完成时间(2023-02-15) -> 审核通过(2023-02-15) -> 运营调整任务完成时间(2023-02-15) -> 标注完成(2023-02-18) -> 标注验收通过(2023-02-21) 
DX,DX-BZ-2023-0022,16304,20230201生活用品—双sku检测标注,储祥翠,任务完成,2023/2/15,2023/5/17,2023/2/22,0,7,2017,智能冰箱+SKU预研动态冰箱SCG00,R-SC220886.001,SCG公共,SCG00,智慧城市与商业事业群,创新业务部,智慧体育创新中心,5336,lustre,SH-40,814.37,已确认,TRUE,创建(2023-02-15) -> 文件上传(2023-02-15) -> 文件上传成功(2023-02-15) -> 运营调整任务完成时间(2023-02-15) -> 审核通过(2023-02-15) -> 运营调整任务完成时间(2023-02-15) -> 标注完成(2023-02-17) -> 验收中有数据包被打回(2023-02-21) -> 标注完成(2023-02-21) -> 标注验收通过(2023-02-22) -> 运营调整任务完成时间(2023-05-17) 
DX,DX-BZ-2023-0023,16305,20230201生活用品—混合sku检测标注,储祥翠,任务完成,2023/2/15,2023/5/17,2023/2/21,0,6,2017,智能冰箱+SKU预研动态冰箱SCG00,R-SC220886.001,SCG公共,SCG00,智慧城市与商业事业群,创新业务部,智慧体育创新中心,3868,lustre,SH-40,585.8,已确认,TRUE,创建(2023-02-15) -> 文件上传(2023-02-15) -> 文件上传成功(2023-02-15) -> 运营调整任务完成时间(2023-02-15) -> 审核通过(2023-02-15) -> 运营调整任务完成时间(2023-02-15) -> 标注完成(2023-02-17) -> 验收中有数据包被打回(2023-02-21) -> 标注完成(2023-02-21) -> 标注验收通过(2023-02-21) -> 运营调整任务完成时间(2023-05-17) 
DX,DX-BZ-2023-0024,16314,20230213上新检测标注,储祥翠,任务完成,2023/2/15,2023/2/18,2023/2/20,2,5,2017,智能冰箱+SKU预研动态冰箱SCG00,R-SC220886.001,SCG公共,SCG00,智慧城市与商业事业群,创新业务部,智慧体育创新中心,4792,lustre,SH-40,679.86,已确认,FALSE,创建(2023-02-15) -> 文件上传(2023-02-15) -> 文件上传成功(2023-02-15) -> 运营调整任务完成时间(2023-02-15) -> 审核通过(2023-02-15) -> 运营调整任务完成时间(2023-02-15) -> 标注完成(2023-02-18) -> 标注验收通过(2023-02-20) 
DX,DX-BZ-2023-0015,16266,20230208—冻柜双sku检测标注,储祥翠,任务完成,2023/2/9,2023/2/14,2023/2/21,7,12,2017,智能冰箱+SKU预研动态冰箱SCG00,R-SC220886.001,SCG公共,SCG00,智慧城市与商业事业群,创新业务部,智慧体育创新中心,4756,lustre,SH-40,736.81,已确认,TRUE,创建(2023-02-09) -> 文件上传(2023-02-09) -> 文件上传成功(2023-02-09) -> 运营调整任务完成时间(2023-02-09) -> 审核通过(2023-02-09) -> 标注完成(2023-02-14) -> 验收中有数据包被打回(2023-02-20) -> 标注完成(2023-02-20) -> 标注验收通过(2023-02-21) 
DX,DX-BZ-2023-0016,16265,20230208—冻柜单sku检测标注,储祥翠,任务完成,2023/2/9,2023/2/14,2023/2/21,7,12,2017,智能冰箱+SKU预研动态冰箱SCG00,R-SC220886.001,SCG公共,SCG00,智慧城市与商业事业群,创新业务部,智慧体育创新中心,4326,lustre,SH-40,436.11,已确认,TRUE,创建(2023-02-09) -> 文件上传(2023-02-09) -> 文件上传成功(2023-02-09) -> 运营调整任务完成时间(2023-02-09) -> 审核通过(2023-02-09) -> 标注完成(2023-02-13) -> 验收中有数据包被打回(2023-02-20) -> 标注完成(2023-02-20) -> 标注验收通过(2023-02-21) 
DX,DX-BZ-2023-0017,16262,20230207—双sku检测标注,储祥翠,任务完成,2023/2/9,2023/2/14,2023/2/17,3,8,2017,智能冰箱+SKU预研动态冰箱SCG00,R-SC220886.001,SCG公共,SCG00,智慧城市与商业事业群,创新业务部,智慧体育创新中心,3486,lustre,SH-40,501.1,已确认,FALSE,创建(2023-02-09) -> 文件上传(2023-02-09) -> 文件上传成功(2023-02-09) -> 运营调整任务完成时间(2023-02-09) -> 审核通过(2023-02-09) -> 标注完成(2023-02-14) -> 标注验收通过(2023-02-17) 
DX,DX-BZ-2023-0018,16263,20230207—混合sku检测标注,储祥翠,任务完成,2023/2/9,2023/2/14,2023/2/20,6,11,2017,智能冰箱+SKU预研动态冰箱SCG00,R-SC220886.001,SCG公共,SCG00,智慧城市与商业事业群,创新业务部,智慧体育创新中心,1917,lustre,SH-40,239.76,已确认,FALSE,创建(2023-02-09) -> 文件上传(2023-02-09) -> 文件上传成功(2023-02-09) -> 运营调整任务完成时间(2023-02-09) -> 审核通过(2023-02-09) -> 标注完成(2023-02-14) -> 标注验收通过(2023-02-20) 
DX,DX-BZ-2023-0019,16264,20230208—冻柜混合sku检测标注,储祥翠,任务完成,2023/2/9,2023/2/14,2023/2/21,7,12,2017,智能冰箱+SKU预研动态冰箱SCG00,R-SC220886.001,SCG公共,SCG00,智慧城市与商业事业群,创新业务部,智慧体育创新中心,2758,lustre,SH-40,415.64,已确认,TRUE,创建(2023-02-09) -> 文件上传(2023-02-09) -> 文件上传成功(2023-02-09) -> 运营调整任务完成时间(2023-02-09) -> 审核通过(2023-02-09) -> 标注完成(2023-02-13) -> 验收中有数据包被打回(2023-02-20) -> 标注完成(2023-02-20) -> 标注验收通过(2023-02-21) 
DX,DX-BZ-2023-0020,16261,20230207—单sku检测标注,储祥翠,任务完成,2023/2/9,2023/2/9,2023/2/17,8,8,2017,智能冰箱+SKU预研动态冰箱SCG00,R-SC220886.001,SCG公共,SCG00,智慧城市与商业事业群,创新业务部,智慧体育创新中心,3770,lustre,SH-40,381.08,已确认,FALSE,创建(2023-02-09) -> 文件上传(2023-02-09) -> 文件上传成功(2023-02-09) -> 运营调整任务完成时间(2023-02-09) -> 审核通过(2023-02-09) -> 标注完成(2023-02-13) -> 标注验收通过(2023-02-17) 
DX,DX-BZ-2023-0014,16229,20230201to06人工回流数据检测标注,储祥翠,任务完成,2023/2/8,2023/2/9,2023/2/9,0,1,2017,智能冰箱+SKU预研动态冰箱SCG00,R-SC220886.001,SCG公共,SCG00,智慧城市与商业事业群,创新业务部,智慧体育创新中心,1300,lustre,SH-40,344.25,已确认,TRUE,创建(2023-02-08) -> 文件上传(2023-02-08) -> 文件上传成功(2023-02-08) -> 运营调整任务完成时间(2023-02-08) -> 审核通过(2023-02-08) -> 任务标注中被运营撤回到审核中(2023-02-08) -> 运营调整任务完成时间(2023-02-08) -> 审核通过(2023-02-08) -> 标注完成(2023-02-09) -> 验收中有数据包被打回(2023-02-09) -> 标注完成(2023-02-09) -> 标注验收通过(2023-02-09) 
DX,DX-BZ-2023-0013,16201,0号机—202301—双sku检测标注,储祥翠,任务完成,2023/2/3,2023/2/3,2023/2/14,11,11,2017,智能冰箱+SKU预研动态冰箱SCG00,R-SC220886.001,SCG公共,SCG00,智慧城市与商业事业群,创新业务部,智慧体育创新中心,8445,lustre,SH-40,1224.79,已确认,FALSE,创建(2023-02-03) -> 文件上传(2023-02-03) -> 文件上传成功(2023-02-03) -> 运营调整任务完成时间(2023-02-03) -> 审核通过(2023-02-03) -> 任务标注中被运营撤回到审核中(2023-02-03) -> 运营调整任务完成时间(2023-02-03) -> 审核通过(2023-02-03) -> 标注完成(2023-02-06) -> 标注验收通过(2023-02-14) 
DX,DX-BZ-2023-0011,16196,商品检测框标注,江心雨,任务完成,2023/2/2,2023/2/4,2023/2/9,5,7,2017,智能冰箱+SKU预研动态冰箱SCG00,R-SC220886.001,SCG公共,SCG00,智慧城市与商业事业群,创新业务部,智慧体育创新中心,482,lustre,SH-40,915.22,已确认,FALSE,创建(2023-02-02) -> 文件上传(2023-02-02) -> 文件上传成功(2023-02-02) -> 预标注数据上传成功(2023-02-02) -> 运营调整任务完成时间(2023-02-02) -> 审核通过(2023-02-02) -> 任务标注中被运营撤回到审核中(2023-02-03) -> 运营调整任务完成时间(2023-02-03) -> 审核通过(2023-02-03) -> 标注完成(2023-02-04) -> 标注验收通过(2023-02-09) 
DX,DX-BZ-2023-0012,16197,商品检测框标注,江心雨,任务完成,2023/2/2,2023/2/3,2023/2/9,6,7,2017,智能冰箱+SKU预研动态冰箱SCG00,R-SC220886.001,SCG公共,SCG00,智慧城市与商业事业群,创新业务部,智慧体育创新中心,554,lustre,SH-40,678.07,已确认,TRUE,创建(2023-02-02) -> 文件上传(2023-02-02) -> 文件上传成功(2023-02-02) -> 预标注数据上传成功(2023-02-02) -> 运营调整任务完成时间(2023-02-02) -> 审核通过(2023-02-02) -> 标注完成(2023-02-04) -> 验收中有数据包被打回(2023-02-09) -> 标注完成(2023-02-09) -> 标注验收通过(2023-02-09) 
DX,DX-BZ-2023-0010,16191,202301人工回流数据检测标注,储祥翠,任务完成,2023/2/1,2023/2/3,2023/2/6,3,5,2017,智能冰箱+SKU预研动态冰箱SCG00,R-SC220886.001,SCG公共,SCG00,智慧城市与商业事业群,创新业务部,智慧体育创新中心,3526,lustre,SH-40,884.45,已确认,FALSE,创建(2023-02-01) -> 文件上传(2023-02-01) -> 文件上传成功(2023-02-01) -> 运营调整任务完成时间(2023-02-02) -> 审核通过(2023-02-02) -> 标注完成(2023-02-03) -> 标注验收通过(2023-02-06) 
DX,DX-BZ-2023-0009,16168,nike检测框标注,储祥翠,任务完成,2023/1/30,2023/1/31,2023/1/31,0,1,2017,智能冰箱+SKU预研动态冰箱SCG00,R-SC220886.001,SCG公共,SCG00,智慧城市与商业事业群,创新业务部,智慧体育创新中心,13035,lustre,SH-40,2918.36,已确认,TRUE,创建(2023-01-30) -> 文件上传(2023-01-30) -> 文件上传失败(2023-01-30) -> 文件上传(2023-01-30) -> 重新提交任务(2023-01-30) -> 文件上传成功(2023-01-30) -> 运营调整任务完成时间(2023-01-30) -> 审核通过(2023-01-30) -> 标注完成(2023-01-31) -> 验收中有数据包被打回(2023-01-31) -> 标注完成(2023-01-31) -> 验收中有数据包被打回(2023-01-31) -> 标注完成(2023-01-31) -> 标注验收通过(2023-01-31) 
DX,DX-BZ-2023-0008,16159,篮球检测标注[与ID16017任务相同，跳过竞价][2022-12-23 13:04:08] 复制[15842][2022-12-29 16:04:50] 复制[15914][2023-01-05 1,敖一宸,任务完成,2023/1/18,2023/1/31,2023/1/29,0,11,2070,SenseOmni智慧体育产品预研SCG09,R-SC220924.001,创新业务部,SCG09,智慧城市与商业事业群,创新业务部,智慧体育创新中心,8000,lustre,SH-40,514.58,已确认,FALSE,创建(2023-01-18) -> 文件上传(2023-01-18) -> 文件上传成功(2023-01-18) -> 运营调整任务完成时间(2023-01-18) -> 审核通过(2023-01-18) -> 标注完成(2023-01-28) -> 标注验收通过(2023-01-29) -> 运营调整任务完成时间(2023-01-31) 
DX,DX-BZ-2023-0007,16131,商品检测框标注,江心雨,任务完成,2023/1/14,2023/1/16,2023/1/30,14,16,2017,智能冰箱+SKU预研动态冰箱SCG00,R-SC220886.001,SCG公共,SCG00,智慧城市与商业事业群,创新业务部,智慧体育创新中心,554,lustre,SH-40,678.28,已确认,TRUE,创建(2023-01-14) -> 文件上传(2023-01-14) -> 文件上传成功(2023-01-14) -> 撤回任务(2023-01-14) -> 文件上传(2023-01-14) -> 重新提交任务(2023-01-14) -> 文件上传成功(2023-01-14) -> 撤回任务(2023-01-14) -> 文件上传(2023-01-14) -> 重新提交任务(2023-01-14) -> 文件上传成功(2023-01-14) -> 运营调整任务完成时间(2023-01-14) -> 审核通过(2023-01-14) -> 任务标注中被运营撤回到审核中(2023-01-14) -> 运营调整任务完成时间(2023-01-14) -> 审核通过(2023-01-14) -> 运营调整任务完成时间(2023-01-16) -> 标注完成(2023-01-16) -> 验收中有数据包被打回(2023-01-16) -> 标注完成(2023-01-16) -> 验收中有数据包被打回(2023-01-18) -> 标注完成(2023-01-18) -> 标注验收通过(2023-01-30) 
DX,DX-BZ-2023-0005,16125,商品检测框标注,江心雨,任务完成,2023/1/13,2023/1/16,2023/1/30,14,17,2017,智能冰箱+SKU预研动态冰箱SCG00,R-SC220886.001,SCG公共,SCG00,智慧城市与商业事业群,创新业务部,智慧体育创新中心,2434,lustre,SH-40,6086.61,已确认,FALSE,创建(2023-01-13) -> 文件上传(2023-01-13) -> 文件上传成功(2023-01-13) -> 运营调整任务完成时间(2023-01-13) -> 审核通过(2023-01-13) -> 任务标注中被运营撤回到审核中(2023-01-13) -> 运营调整任务完成时间(2023-01-13) -> 审核通过(2023-01-13) -> 标注完成(2023-01-16) -> 运营调整任务完成时间(2023-01-16) -> 标注验收通过(2023-01-30) 
DX,DX-BZ-2023-0006,16119,商品检测框标注,江心雨,任务完成,2023/1/13,2023/1/16,2023/1/30,14,17,2017,智能冰箱+SKU预研动态冰箱SCG00,R-SC220886.001,SCG公共,SCG00,智慧城市与商业事业群,创新业务部,智慧体育创新中心,482,lustre,SH-40,913.79,已确认,TRUE,创建(2023-01-13) -> 文件上传(2023-01-13) -> 文件上传成功(2023-01-13) -> 运营调整任务完成时间(2023-01-13) -> 审核通过(2023-01-13) -> 标注完成(2023-01-14) -> 运营调整任务完成时间(2023-01-16) -> 验收中有数据包被打回(2023-01-16) -> 标注完成(2023-01-16) -> 验收中有数据包被打回(2023-01-18) -> 标注完成(2023-01-18) -> 验收中有数据包被打回(2023-01-18) -> 标注完成(2023-01-18) -> 标注验收通过(2023-01-30) 
DX,DX-BZ-2023-0004,16109,有检测预标注wtt场地人体检测和关键点标注(需要对检测标注竞价),冯律,任务完成,2023/1/12,2023/1/16,2023/2/11,26,30,2070,SenseOmni智慧体育产品预研SCG09,R-SC220924.001,创新业务部,SCG09,智慧城市与商业事业群,创新业务部,智慧体育创新中心,5004,lustre,SH-40,21602.33,已确认,FALSE,创建(2023-01-12) -> 文件上传(2023-01-12) -> 文件上传成功(2023-01-12) -> 预标注数据上传成功(2023-01-12) -> 运营调整任务完成时间(2023-01-12) -> 审核通过(2023-01-12) -> 标注完成(2023-01-16) -> 运营调整任务完成时间(2023-01-16) -> 标注验收通过(2023-02-11) 
DX,DX-BZ-2023-0002,16017,篮球检测标注[与ID15914任务相同，跳过竞价][2022-12-23 13:04:08] 复制[15842][2022-12-29 16:04:50] 复制[15914][2023-01-05 1,敖一宸,任务完成,2023/1/5,2023/1/9,2023/1/9,0,4,2070,SenseOmni智慧体育产品预研SCG09,R-SC220924.001,创新业务部,SCG09,智慧城市与商业事业群,创新业务部,智慧体育创新中心,10000,lustre,SH-40,935.95,已确认,FALSE,创建(2023-01-05) -> 文件上传(2023-01-05) -> 文件上传成功(2023-01-05) -> 撤回任务(2023-01-05) -> 文件上传(2023-01-05) -> 重新提交任务(2023-01-05) -> 文件上传成功(2023-01-05) -> 运营调整任务完成时间(2023-01-06) -> 审核通过(2023-01-06) -> 标注完成(2023-01-09) -> 标注验收通过(2023-01-09) 
DX,DX-BZ-2023-0001,15965,wtt场地人体检测和特定区域人体29关键点标注(跳过竞价),冯律,任务完成,2023/1/4,2023/1/7,2023/1/16,9,12,2070,SenseOmni智慧体育产品预研SCG09,R-SC220924.001,创新业务部,SCG09,智慧城市与商业事业群,创新业务部,智慧体育创新中心,5040,lustre,SH-40,22314.99,已确认,FALSE,创建(2023-01-04) -> 文件上传(2023-01-04) -> 文件上传成功(2023-01-04) -> 运营调整任务完成时间(2023-01-04) -> 审核通过(2023-01-04) -> 运营调整任务完成时间(2023-01-04) -> 运营调整任务完成时间(2023-01-06) -> 标注完成(2023-01-07) -> 标注验收通过(2023-01-16) 